USE TravelEase;

INSERT INTO Customer (first_name, last_name, email, mobile_number, password)
VALUES
('Rahul', 'Sharma', 'rahul.sharma@example.in', NULL, 'Rahul@123'),
('Amit', 'Verma', NULL, '9876500002', 'Amit@123'),
('Suresh', 'Gupta', 'suresh.gupta@example.in', '9876500003', 'Suresh@123'),
('Sunita', 'Patel', 'sunita.patel@example.in', '9876500004', 'Sunita@123'),
('Priya', 'Singh', 'priya.singh@example.in', '9876500005', 'Priya@123'),
('Anjali', 'Rao', 'anjali.rao@example.in', '9876500006', 'Anjali@123'),
('Ramesh', 'Kumar', 'ramesh.kumar@example.in', '9876500007', 'Ramesh@123'),
('Pooja', 'Mehta', 'pooja.mehta@example.in', '9876500008', 'Pooja@123'),
('Vikram', 'Joshi', 'vikram.joshi@example.in', '9876500009', 'Vikram@123'),
('Sneha', 'Desai', 'sneha.desai@example.in', '9876500010', 'Sneha@123'),
('Kiran', 'Reddy', 'kiran.reddy@example.in', '9876500011', 'Kiran@123'),
('Neha', 'Nair', 'neha.nair@example.in', '9876500012', 'Neha@123'),
('Manish', 'Iyer', 'manish.iyer@example.in', '9876500013', 'Manish@123'),
('Shweta', 'Agarwal', 'shweta.agarwal@example.in', '9876500014', 'Shweta@123'),
('Rohit', 'Choudhary', 'rohit.choudhary@example.in', '9876500015', 'Rohit@123'),
('Divya', 'Kulkarni', 'divya.kulkarni@example.in', '9876500016', 'Divya@123'),
('Abhishek', 'Banerjee', 'abhishek.banerjee@example.in', '9876500017', 'Abhi@123'),
('Kavita', 'Joshi', 'kavita.joshi@example.in', '9876500018', 'Kavita@123'),
('Sandeep', 'Chatterjee', 'sandeep.chatterjee@example.in', '9876500019', 'Sandeep@123'),
('Meera', 'Pillai', 'meera.pillai@example.in', '9876500020', 'Meera@123'),
('Vijay', 'Singh', 'vijay.singh@example.in', '9876500021', 'Vijay@123'),
('Anil', 'Kumar', 'anil.kumar@example.in', '9876500022', 'Anil@123'),
('Ritu', 'Verma', 'ritu.verma@example.in', '9876500023', 'Ritu@123'),
('Deepak', 'Reddy', 'deepak.reddy@example.in', '9876500024', 'Deepak@123'),
('Geeta', 'Sharma', 'geeta.sharma@example.in', '9876500025', 'Geeta@123'),
('Arjun', 'Patel', 'arjun.patel@example.in', '9876500026', 'Arjun@123'),
('Leena', 'Menon', 'leena.menon@example.in', '9876500027', 'Leena@123'),
('Vijayalakshmi', 'Rao', 'vijayalakshmi.rao@example.in', '9876500028', 'Vijayalakshmi@123'),
('Siddharth', 'Deshmukh', 'siddharth.deshmukh@example.in', '9876500029', 'Siddharth@123'),
('Nisha', 'Kulkarni', 'nisha.kulkarni@example.in', '9876500030', 'Nisha@123');

INSERT INTO Admin (first_name, last_name, email, mobile_number, password)
VALUES
('Pratyush', 'Gangwar', 'pratyush23395@iiitd.ac.in', '9876600002', 'TopAdmin@2'),
('Jatin', 'Aggarwal', 'jatin23258@iiitd.ac.in', '9876600001', 'NoobAdmin@1'),
('Nipun', 'Aggarwal', 'nipun@iiitd.ac.in', '9468093855', 'TopAdmin@1'),
('Ujjval', 'Dargar', 'ujjval23564@iiitd.ac.in', '9876600004', 'TopAdmin@3');


INSERT INTO TourismAgency (name, location, email, mobile_number, password)
VALUES
('Incredible India Travels', 'New Delhi', 'contact@incredibleindia.in', '9876700001', 'Agency@123'),
('Royal India Tours', 'Mumbai', 'info@royalindiatours.in', '9876700002', 'Agency@123'),
('Mystic India Tours', 'Jaipur', 'support@mysticindia.in', '9876700003', 'Agency@123'),
('Heritage India Expeditions', 'Agra', 'info@heritageindia.in', '9876700004', 'Agency@123'),
('Divine India Travels', 'Varanasi', 'contact@divineindia.in', '9876700005', 'Agency@123'),
('Golden Triangle Tours', 'Delhi', 'info@goldentriangle.in', '9876700006', 'Agency@123'),
('South India Journeys', 'Chennai', 'support@southindia.in', '9876700007', 'Agency@123'),
('Desert Safari India', 'Jaisalmer', 'info@desertsafari.in', '9876700008', 'Agency@123'),
('Cultural India Tours', 'Kolkata', 'contact@culturalindia.in', '9876700009', 'Agency@123'),
('Spiritual India Tours', 'Rishikesh', 'info@spiritualindia.in', '9876700010', 'Agency@123'),
('Adventure India Trips', 'Manali', 'support@adventureindia.in', '9876700011', 'Agency@123'),
('Eco India Expeditions', 'Mysore', 'info@ecoindia.in', '9876700012', 'Agency@123'),
('Royal Rajasthan Tours', 'Udaipur', 'contact@royalrajasthan.in', '9876700013', 'Agency@123'),
('Gourmet India Tours', 'Hyderabad', 'info@gourmetindia.in', '9876700014', 'Agency@123'),
('Luxury India Travels', 'Bengaluru', 'support@luxuryindia.in', '9876700015', 'Agency@123'),
('Budget India Tours', 'Pune', 'info@budgetindia.in', '9876700016', 'Agency@123'),
('Inland India Expeditions', 'Lucknow', 'contact@inlandindia.in', '9876700017', 'Agency@123'),
('Offbeat India Tours', 'Bhopal', 'info@offbeatindia.in', '9876700018', 'Agency@123'),
('Rural India Journeys', 'Varanasi', 'support@ruralindia.in', '9876700019', 'Agency@123'),
('Cityscape India Tours', 'Ahmedabad', 'info@cityscapeindia.in', '9876700020', 'Agency@123'),
('Monsoon Magic Travels', 'Goa', 'contact@monsoonmagic.in', '9876700021', 'Agency@123'),
('Heritage Walks India', 'Chandigarh', 'info@heritagewalks.in', '9876700022', 'Agency@123'),
('Pilgrimage India Tours', 'Haridwar', 'support@pilgrimageindia.in', '9876700023', 'Agency@123'),
('Wildlife India Expeditions', 'Jim Corbett', 'info@wildlifeindia.in', '9876700024', 'Agency@123'),
('Mountain India Travels', 'Shimla', 'contact@mountainindia.in', '9876700025', 'Agency@123'),
('Desi India Tours', 'Surat', 'info@desiindia.in', '9876700026', 'Agency@123'),
('Festive India Travels', 'Kochi', 'support@festiveindia.in', '9876700027', 'Agency@123'),
('Traditional India Tours', 'Patna', 'info@traditionalindia.in', '9876700028', 'Agency@123'),
('Royal Heritage Tours', 'Agra', 'contact@royalheritage.in', '9876700029', 'Agency@123'),
('Exotic India Travels', 'Mysore', 'info@exoticindia.in', '9876700030', 'Agency@123');


INSERT INTO Itinerary (agency_id, description, duration_day, duration_night, price, destination_city, destination_state, destination_country)
VALUES
(1, 'Day 1: Explore Delhi, Day 2: Visit Red Fort and Qutub Minar', 2, 1, 5000.00, 'Delhi', 'Delhi', 'India'),
(2, 'Day 1: Mumbai city tour and Gateway of India visit', 1, 1, 4000.00, 'Mumbai', 'Maharashtra', 'India'),
(3, 'Day 1: Jaipur forts and palaces tour', 1, 1, 4500.00, 'Jaipur', 'Rajasthan', 'India'),
(4, 'Day 1: Agra sightseeing, Day 2: Taj Mahal visit', 2, 1, 5500.00, 'Agra', 'Uttar Pradesh', 'India'),
(5, 'Day 1: Varanasi ghats tour, Day 2: Sarnath visit', 2, 1, 6000.00, 'Varanasi', 'Uttar Pradesh', 'India'),
(6, 'Day 1: Delhi sightseeing, Day 2: Cultural evening', 2, 2, 7000.00, 'Delhi', 'Delhi', 'India'),
(7, 'Day 1: Chennai beaches and temples', 1, 0, 3500.00, 'Chennai', 'Tamil Nadu', 'India'),
(8, 'Day 1: Jaisalmer desert safari', 1, 1, 6500.00, 'Jaisalmer', 'Rajasthan', 'India'),
(9, 'Day 1: Kolkata heritage tour', 1, 1, 4800.00, 'Kolkata', 'West Bengal', 'India'),
(10, 'Day 1: Rishikesh river rafting and yoga session', 1, 1, 5200.00, 'Rishikesh', 'Uttarakhand', 'India'),
(11, 'Day 1: Manali adventure and skiing', 2, 1, 8000.00, 'Manali', 'Himachal Pradesh', 'India'),
(12, 'Day 1: Mysore palace and cultural tour', 1, 1, 4300.00, 'Mysore', 'Karnataka', 'India'),
(13, 'Day 1: Udaipur lake tour and palace visit', 1, 1, 5500.00, 'Udaipur', 'Rajasthan', 'India'),
(14, 'Day 1: Hyderabad city tour and Charminar visit', 1, 1, 4700.00, 'Hyderabad', 'Telangana', 'India'),
(15, 'Day 1: Bangalore tech city tour', 1, 0, 4000.00, 'Bengaluru', 'Karnataka', 'India'),
(16, 'Day 1: Pune cultural tour and museum visit', 1, 1, 3800.00, 'Pune', 'Maharashtra', 'India'),
(17, 'Day 1: Lucknow heritage walk', 1, 0, 3500.00, 'Lucknow', 'Uttar Pradesh', 'India'),
(18, 'Day 1: Bhopal lakes and museums', 1, 1, 4200.00, 'Bhopal', 'Madhya Pradesh', 'India'),
(19, 'Day 1: Varanasi spiritual tour', 1, 0, 3900.00, 'Varanasi', 'Uttar Pradesh', 'India'),
(20, 'Day 1: Ahmedabad textile tour and riverfront', 1, 1, 4600.00, 'Ahmedabad', 'Gujarat', 'India'),
(21, 'Day 1: Goa beaches and nightlife', 1, 1, 5000.00, 'Goa', 'Goa', 'India'),
(22, 'Day 1: Chandigarh city tour and rock garden', 1, 1, 4200.00, 'Chandigarh', 'Punjab', 'India'),
(23, 'Day 1: Haridwar temple tour and Ganga Aarti', 1, 0, 3700.00, 'Haridwar', 'Uttarakhand', 'India'),
(24, 'Day 1: Jim Corbett National Park safari', 1, 1, 6500.00, 'Nainital', 'Uttarakhand', 'India'),
(25, 'Day 1: Shimla hill station tour', 1, 1, 5500.00, 'Shimla', 'Himachal Pradesh', 'India'),
(26, 'Day 1: Surat city tour and textile market', 1, 0, 4000.00, 'Surat', 'Gujarat', 'India'),
(27, 'Day 1: Kochi backwaters and cultural tour', 1, 1, 4800.00, 'Kochi', 'Kerala', 'India'),
(28, 'Day 1: Patna historical sites tour', 1, 1, 4300.00, 'Patna', 'Bihar', 'India'),
(29, 'Day 1: Agra and Fatehpur Sikri tour', 2, 1, 6000.00, 'Agra', 'Uttar Pradesh', 'India'),
(30, 'Day 1: Mysore cultural evening', 1, 1, 4100.00, 'Mysore', 'Karnataka', 'India');


INSERT INTO TransportProvider (name, email, mobile_number, service_type, password)
VALUES
-- Airplane providers:
('Air India', 'contact@airindia.in', '9876800001', 'Airplane', 'TP@123'),
('SpiceJet', 'info@spicejet.in', '9876800002', 'Airplane', 'TP@123'),
('IndiGo', 'support@indigo.in', '9876800003', 'Airplane', 'TP@123'),
('Vistara', 'contact@vistara.in', '9876800004', 'Airplane', 'TP@123'),
('GoAir', 'info@goair.in', '9876800005', 'Airplane', 'TP@123'),
('AirAsia India', 'support@airasia.in', '9876800006', 'Airplane', 'TP@123'),
('TruJet', 'contact@trujet.in', '9876800007', 'Airplane', 'TP@123'),
('Alliance Air', 'info@allianceair.in', '9876800008', 'Airplane', 'TP@123'),
('Air Odisha', 'support@airodisha.in', '9876800009', 'Airplane', 'TP@123'),
('Zoom Air', 'contact@zoomair.in', '9876800010', 'Airplane', 'TP@123'),
('Star Air', 'info@starair.in', '9876800011', 'Airplane', 'TP@123'),
('Air Pegasus', 'support@airpegasus.in', '9876800012', 'Airplane', 'TP@123'),
('Paramount Air', 'contact@paramountair.in', '9876800013', 'Airplane', 'TP@123'),
('FlyHigh Air', 'info@flyhighair.in', '9876800014', 'Airplane', 'TP@123'),
('Skyline Air', 'support@skylineair.in', '9876800015', 'Airplane', 'TP@123'),
-- Train providers:
('Indian Railways', 'contact@indianrailways.in', '9876800016', 'Train', 'TP@123'),
('Vande Bharat Express', 'info@vandebharat.in', '9876800017', 'Train', 'TP@123'),
('Shatabdi Express', 'support@shatabdi.in', '9876800018', 'Train', 'TP@123'),
('Rajdhani Express', 'contact@rajdhani.in', '9876800019', 'Train', 'TP@123'),
('Duronto Express', 'info@duronto.in', '9876800020', 'Train', 'TP@123'),
('Gatimaan Express', 'support@gatimaan.in', '9876800021', 'Train', 'TP@123'),
('Jan Shatabdi', 'contact@janshatabdi.in', '9876800022', 'Train', 'TP@123'),
('Garib Rath', 'info@garibrath.in', '9876800023', 'Train', 'TP@123'),
('Humsafar Express', 'support@humsafar.in', '9876800024', 'Train', 'TP@123'),
('Mahamana Express', 'contact@mahamana.in', '9876800025', 'Train', 'TP@123'),
('Uday Express', 'info@udayexpress.in', '9876800026', 'Train', 'TP@123'),
('Superfast Express', 'support@superfast.in', '9876800027', 'Train', 'TP@123'),
('Intercity Express', 'contact@intercity.in', '9876800028', 'Train', 'TP@123'),
('Mail/Express', 'info@mailexpress.in', '9876800029', 'Train', 'TP@123'),
('Passenger Train', 'support@passenger.in', '9876800030', 'Train', 'TP@123');

INSERT INTO Payment (amount, payment_method, payment_status)
VALUES
(5000.00, 'Credit Card', 'Confirmed'),
(4500.00, 'Debit Card', 'Confirmed'),
(6000.00, 'Net Banking', 'Pending'),
(5500.00, 'UPI', 'Confirmed'),
(4800.00, 'Credit Card', 'Cancelled'),
(5300.00, 'Debit Card', 'Confirmed'),
(4900.00, 'Net Banking', 'Pending'),
(5200.00, 'UPI', 'Confirmed'),
(5100.00, 'Credit Card', 'Confirmed'),
(5000.00, 'Debit Card', 'Cancelled'),
(5500.00, 'Net Banking', 'Confirmed'),
(6000.00, 'UPI', 'Confirmed'),
(5700.00, 'Credit Card', 'Pending'),
(5800.00, 'Debit Card', 'Confirmed'),
(5900.00, 'Net Banking', 'Confirmed'),
(6000.00, 'UPI', 'Cancelled'),
(6100.00, 'Credit Card', 'Confirmed'),
(6200.00, 'Debit Card', 'Confirmed'),
(6300.00, 'Net Banking', 'Pending'),
(6400.00, 'UPI', 'Confirmed'),
(6500.00, 'Credit Card', 'Confirmed'),
(6600.00, 'Debit Card', 'Cancelled'),
(6700.00, 'Net Banking', 'Confirmed'),
(6800.00, 'UPI', 'Confirmed'),
(6900.00, 'Credit Card', 'Pending'),
(7000.00, 'Debit Card', 'Confirmed'),
(7100.00, 'Net Banking', 'Confirmed'),
(7200.00, 'UPI', 'Cancelled'),
(7300.00, 'Credit Card', 'Confirmed'),
(7400.00, 'Debit Card', 'Confirmed'),
(7000.00, 'Debit Card', 'Confirmed'),
(7100.00, 'Net Banking', 'Confirmed'),
(7200.00, 'UPI', 'Cancelled'),
(7300.00, 'Credit Card', 'Confirmed'),
(7400.00, 'Debit Card', 'Confirmed');

INSERT INTO Coupon (coupon_code, discount_percentage, expiry_date)
VALUES
('CPN001', 10, '2025-12-31 23:59:59'),
('CPN002', 15, '2025-11-30 23:59:59'),
('CPN003', 5, '2025-10-31 23:59:59'),
('CPN004', 20, '2025-09-30 23:59:59'),
('CPN005', 10, '2025-08-31 23:59:59'),
('CPN006', 15, '2025-07-31 23:59:59'),
('CPN007', 5, '2025-06-30 23:59:59'),
('CPN008', 20, '2025-05-31 23:59:59'),
('CPN009', 10, '2025-04-30 23:59:59'),
('CPN010', 15, '2025-03-31 23:59:59'),
('CPN011', 5, '2025-02-28 23:59:59'),
('CPN012', 20, '2025-01-31 23:59:59'),
('CPN013', 10, '2025-12-31 23:59:59'),
('CPN014', 15, '2025-11-30 23:59:59'),
('CPN015', 5, '2025-10-31 23:59:59'),
('CPN016', 20, '2025-09-30 23:59:59'),
('CPN017', 10, '2025-08-31 23:59:59'),
('CPN018', 15, '2025-07-31 23:59:59'),
('CPN019', 5, '2025-06-30 23:59:59'),
('CPN020', 20, '2025-05-31 23:59:59'),
('CPN021', 10, '2025-04-30 23:59:59'),
('CPN022', 15, '2025-03-31 23:59:59'),
('CPN023', 5, '2025-02-28 23:59:59'),
('CPN024', 20, '2025-01-31 23:59:59'),
('CPN025', 10, '2025-12-31 23:59:59'),
('CPN026', 15, '2025-11-30 23:59:59'),
('CPN027', 5, '2025-10-31 23:59:59'),
('CPN028', 20, '2025-09-30 23:59:59'),
('CPN029', 10, '2025-08-31 23:59:59'),
('CPN030', 15, '2025-07-31 23:59:59');

INSERT INTO Booking (customer_id, payment_id, coupon_code, transport_type, status, booking_date)
VALUES
(1, 1, 'CPN001', 'Airplane', 'Confirmed', '2025-01-10'),
(2, 2, 'CPN002', 'Train', 'Pending', '2025-01-11'),
(3, 3, NULL, 'Airplane', 'Confirmed', '2025-01-12'),
(4, 4, 'CPN004', 'Train', 'Cancelled', '2025-01-13'),
(5, 5, 'CPN005', 'Airplane', 'Confirmed', '2025-01-14'),
(6, 6, NULL, 'Train', 'Confirmed', '2025-01-15'),
(7, 7, 'CPN007', 'Airplane', 'Pending', '2025-01-16'),
(8, 8, 'CPN008', 'Train', 'Confirmed', '2025-01-17'),
(9, 9, NULL, 'Airplane', 'Confirmed', '2025-01-18'),
(10, 10, 'CPN010', 'Train', 'Cancelled', '2025-01-19'),
(11, 11, 'CPN011', 'Airplane', 'Confirmed', '2025-01-20'),
(12, 12, NULL, 'Train', 'Confirmed', '2025-01-21'),
(13, 13, 'CPN013', 'Airplane', 'Pending', '2025-01-22'),
(14, 14, 'CPN014', 'Train', 'Confirmed', '2025-01-23'),
(15, 15, NULL, 'Airplane', 'Confirmed', '2025-01-24'),
(16, 16, 'CPN016', 'Train', 'Cancelled', '2025-01-25'),
(17, 17, 'CPN017', 'Airplane', 'Confirmed', '2025-01-26'),
(18, 18, NULL, 'Train', 'Confirmed', '2025-01-27'),
(19, 19, 'CPN019', 'Airplane', 'Pending', '2025-01-28'),
(20, 20, 'CPN020', 'Train', 'Confirmed', '2025-01-29'),
(21, 21, NULL, 'Airplane', 'Confirmed', '2025-01-30'),
(22, 22, 'CPN022', 'Train', 'Cancelled', '2025-01-31'),
(23, 23, 'CPN023', 'Airplane', 'Confirmed', '2025-02-01'),
(24, 24, NULL, 'Train', 'Confirmed', '2025-02-02'),
(25, 25, 'CPN025', 'Airplane', 'Pending', '2025-02-03'),
(26, 26, 'CPN026', 'Train', 'Confirmed', '2025-02-04'),
(27, 27, NULL, 'Airplane', 'Confirmed', '2025-02-05'),
(28, 28, 'CPN028', 'Train', 'Cancelled', '2025-02-06'),
(29, 29, 'CPN029', 'Airplane', 'Confirmed', '2025-02-07'),
(30, 30, NULL, 'Train', 'Confirmed', '2025-02-08'),

(1, 31, 'CPN021', 'Train', 'Pending', '2025-04-10'),
(2, 32, 'CPN020', 'Airplane', 'Confirmed', '2025-11-11'),
(3, 33, NULL, 'Train', 'Confirmed', '2025-05-12'),
(4, 34, 'CPN004', 'Train', 'Cancelled', '2025-07-13'),
(5, 35, 'CPN005', 'Airplane', 'Pending', '2025-03-14');


INSERT INTO Airplane (airplane_id, name, capacity, provider_id)
VALUES
('AI001', 'Air India Express 101', 180, 1),
('AI002', 'SpiceJet 202', 150, 2),
('AI003', 'IndiGo 303', 160, 3),
('AI004', 'Vistara 404', 170, 4),
('AI005', 'GoAir 505', 140, 5),
('AI006', 'AirAsia India 606', 155, 6),
('AI007', 'TruJet 707', 130, 7),
('AI008', 'Alliance Air 808', 120, 8),
('AI009', 'Air Odisha 909', 100, 9),
('AI010', 'Zoom Air 010', 110, 10),
('AI011', 'Star Air 111', 125, 11),
('AI012', 'Air Pegasus 212', 135, 12),
('AI013', 'Paramount Air 313', 145, 13),
('AI014', 'FlyHigh Air 414', 155, 14),
('AI015', 'Skyline Air 515', 165, 15),
('AI016', 'Air India Express 102', 180, 1),
('AI017', 'SpiceJet 203', 150, 2),
('AI018', 'IndiGo 304', 160, 3),
('AI019', 'Vistara 405', 170, 4),
('AI020', 'GoAir 506', 140, 5),
('AI021', 'AirAsia India 607', 155, 6),
('AI022', 'TruJet 708', 130, 7),
('AI023', 'Alliance Air 809', 120, 8),
('AI024', 'Air Odisha 910', 100, 9),
('AI025', 'Zoom Air 011', 110, 10),
('AI026', 'Star Air 112', 125, 11),
('AI027', 'Air Pegasus 213', 135, 12),
('AI028', 'Paramount Air 314', 145, 13),
('AI029', 'FlyHigh Air 415', 155, 14),
('AI030', 'Skyline Air 516', 165, 15);

INSERT INTO AirplaneRoute (arrival_location, departure_location)
VALUES
('New Delhi', 'Mumbai'),
('Bengaluru', 'Chennai'),
('Hyderabad', 'Kolkata'),
('Pune', 'Ahmedabad'),
('Jaipur', 'Lucknow'),
('Chandigarh', 'Amritsar'),
('Coimbatore', 'Mysore'),
('Indore', 'Bhopal'),
('Visakhapatnam', 'Vijayawada'),
('Nagpur', 'Nashik'),
('Dehradun', 'Rishikesh'),
('Thiruvananthapuram', 'Kochi'),
('Guwahati', 'Imphal'),
('Agra', 'Varanasi'),
('Jodhpur', 'Udaipur'),
('Patna', 'Muzaffarpur'),
('Rajkot', 'Surat'),
('Kolhapur', 'Solapur'),
('Aurangabad', 'Latur'),
('Gwalior', 'Jhansi'),
('Durgapur', 'Asansol'),
('Siliguri', 'Darjeeling'),
('Rourkela', 'Bokaro'),
('Jamshedpur', 'Hazaribagh'),
('Allahabad', 'Kanpur'),
('Vellore', 'Tirupati'),
('Madurai', 'Trichy'),
('Erode', 'Salem'),
('Tirunelveli', 'Thoothukudi'),
('Karur', 'Dindigul'),
('Kozhikode', 'Kollam');

INSERT INTO Train (train_id, name, capacity, provider_id)
VALUES
('IR001', 'Rajdhani Express 101', 800, 16),
('IR002', 'Shatabdi Express 202', 600, 17),
('IR003', 'Duronto Express 303', 750, 18),
('IR004', 'Gatimaan Express 404', 700, 19),
('IR005', 'Jan Shatabdi 505', 650, 20),
('IR006', 'Garib Rath 606', 550, 21),
('IR007', 'Humsafar Express 707', 500, 22),
('IR008', 'Mahamana Express 808', 800, 23),
('IR009', 'Uday Express 909', 600, 24),
('IR010', 'Superfast Express 010', 700, 25),
('IR011', 'Intercity Express 111', 650, 26),
('IR012', 'Mail/Express 212', 550, 27),
('IR013', 'Passenger Express 313', 500, 28),
('IR014', 'Rajdhani Express 414', 800, 29),
('IR015', 'Shatabdi Express 515', 600, 30),
('IR016', 'Duronto Express 616', 750, 16),
('IR017', 'Gatimaan Express 717', 700, 17),
('IR018', 'Jan Shatabdi 818', 650, 18),
('IR019', 'Garib Rath 919', 550, 19),
('IR020', 'Humsafar Express 020', 500, 20),
('IR021', 'Mahamana Express 121', 800, 21),
('IR022', 'Uday Express 222', 600, 22),
('IR023', 'Superfast Express 323', 700, 23),
('IR024', 'Intercity Express 424', 650, 24),
('IR025', 'Mail/Express 525', 550, 25),
('IR026', 'Passenger Express 626', 500, 26),
('IR027', 'Rajdhani Express 727', 800, 27),
('IR028', 'Shatabdi Express 828', 600, 28),
('IR029', 'Duronto Express 929', 750, 29),
('IR030', 'Gatimaan Express 030', 700, 30);

INSERT INTO TrainRoute (arrival_location, departure_location)
VALUES
('Mumbai', 'Surat'),
('Delhi', 'Agra'),
('Kolkata', 'Durgapur'),
('Chennai', 'Bengaluru'),
('Hyderabad', 'Vijayawada'),
('Pune', 'Nagpur'),
('Jaipur', 'Ajmer'),
('Lucknow', 'Kanpur'),
('Bhopal', 'Indore'),
('Coimbatore', 'Madurai'),
('Thiruvananthapuram', 'Kochi'),
('Amritsar', 'Jalandhar'),
('Patna', 'Gaya'),
('Ranchi', 'Bokaro'),
('Varanasi', 'Allahabad'),
('Jodhpur', 'Bikaner'),
('Udaipur', 'Chittorgarh'),
('Agra', 'Fatehpur Sikri'),
('Surat', 'Rajkot'),
('Vadodara', 'Bhavnagar'),
('Solapur', 'Kolhapur'),
('Aurangabad', 'Latur'),
('Nasik', 'Sangli'),
('Aligarh', 'Moradabad'),
('Saharanpur', 'Roorkee'),
('Dehradun', 'Haridwar'),
('Mysore', 'Mangalore'),
('Hubli', 'Belgaum'),
('Gulbarga', 'Bidar'),
('Chandigarh', 'Shimla'),
('Imphal', 'Agartala');

INSERT INTO AccommodationProvider (name, email, mobile_number, password)
VALUES
('OYO Rooms', 'contact@oyorooms.in', '9876900001', 'Acc@123'),
('FabHotels', 'info@fabhotels.in', '9876900002', 'Acc@123'),
('Treebo Hotels', 'support@treebo.in', '9876900003', 'Acc@123'),
('Lemon Tree Hotels', 'contact@lemontree.in', '9876900004', 'Acc@123'),
('Royal Orchid', 'info@royalorchid.in', '9876900005', 'Acc@123'),
('Taj Hotels', 'support@tajhotels.in', '9876900006', 'Acc@123'),
('The Oberoi', 'contact@oberoihotels.in', '9876900007', 'Acc@123'),
('ITC Hotels', 'info@itchotels.in', '9876900008', 'Acc@123'),
('Hyatt Regency', 'support@hyatt.in', '9876900009', 'Acc@123'),
('Marriott Hotels', 'contact@marriott.in', '9876900010', 'Acc@123'),
('Le Meridian', 'info@lemeridian.in', '9876900011', 'Acc@123'),
('Radisson Blu', 'support@radisson.in', '9876900012', 'Acc@123'),
('The Park', 'contact@thepark.in', '9876900013', 'Acc@123'),
('Trident', 'info@trident.in', '9876900014', 'Acc@123'),
('Novotel', 'support@novotel.in', '9876900015', 'Acc@123'),
('Ibis', 'contact@ibis.in', '9876900016', 'Acc@123'),
('Sarovar', 'info@sarovar.in', '9876900017', 'Acc@123'),
('The Lalit', 'support@lalit.in', '9876900018', 'Acc@123'),
('Holiday Inn', 'contact@holidayinn.in', '9876900019', 'Acc@123'),
('Resort One', 'info@resortone.in', '9876900020', 'Acc@123'),
('Country Inn', 'support@countryinn.in', '9876900021', 'Acc@123'),
('Comfort Inn', 'contact@comfortinn.in', '9876900022', 'Acc@123'),
('Grand Hyatt', 'info@grandhyatt.in', '9876900023', 'Acc@123'),
('Sahyadri', 'support@sahyadri.in', '9876900024', 'Acc@123'),
('Ginger Hotels', 'contact@ginger.in', '9876900025', 'Acc@123'),
('Clarks Inn', 'info@clarksinn.in', '9876900026', 'Acc@123'),
('WelcomHotel', 'support@welcomhotel.in', '9876900027', 'Acc@123'),
('Fortune Inn', 'contact@fortuneinn.in', '9876900028', 'Acc@123'),
('Country Comfort', 'info@countrycomfort.in', '9876900029', 'Acc@123'),
('Budget Inn', 'support@budgetinn.in', '9876900030', 'Acc@123');

INSERT INTO Hotel (name, location, price_per_night, email, mobile_number, total_rooms, hotel_description, provider_id)
VALUES
('Taj Palace', 'New Delhi', 8000.00, 'tajpalace@hotel.in', '9877000001', 100, 'Luxurious hotel in heart of Delhi', 1),
('Oberoi Residency', 'Mumbai', 7500.00, 'oberoiresidency@hotel.in', '9877000002', 90, 'Premium stay in Mumbai', 2),
('The Leela', 'Bengaluru', 7000.00, 'theleela@hotel.in', '9877000003', 80, 'Elegant and comfortable', 3),
('Trident', 'Chennai', 6500.00, 'trident@hotel.in', '9877000004', 120, 'Luxury hotel with great service', 4),
('ITC Maurya', 'New Delhi', 8500.00, 'itcmaurya@hotel.in', '9877000005', 110, 'Iconic hotel in Delhi', 5),
('The Oberoi', 'Kolkata', 7000.00, 'theoberoi@hotel.in', '9877000006', 95, 'Elegant stay in Kolkata', 6),
('Le Meridien', 'Hyderabad', 6800.00, 'lemeridien@hotel.in', '9877000007', 85, 'Comfortable and stylish', 7),
('Radisson Blu', 'Chennai', 6400.00, 'radissonblu@hotel.in', '9877000008', 75, 'Modern hotel in Chennai', 8),
('The Park', 'Mumbai', 7200.00, 'thepark@hotel.in', '9877000009', 100, 'Trendy hotel with great amenities', 9),
('Novotel', 'Bengaluru', 6000.00, 'novotel@hotel.in', '9877000010', 70, 'Business and leisure hotel', 10),
('Holiday Inn', 'Pune', 5500.00, 'holidayinn@hotel.in', '9877000011', 60, 'Comfortable and affordable', 11),
('Resort One', 'Goa', 5000.00, 'resortone@hotel.in', '9877000012', 50, 'Beachside resort', 12),
('Country Inn', 'Jaipur', 4800.00, 'countryinn@hotel.in', '9877000013', 40, 'Traditional hospitality', 13),
('Comfort Inn', 'Udaipur', 4700.00, 'comfortinn@hotel.in', '9877000014', 45, 'Serene stay near lakes', 14),
('Grand Hyatt', 'Chandigarh', 8000.00, 'grandhyatt@hotel.in', '9877000015', 80, 'Luxury with modern facilities', 15),
('Sahyadri Hotel', 'Pune', 5200.00, 'sahyadri@hotel.in', '9877000016', 55, 'Comfortable and well located', 16),
('Ginger Inn', 'Bengaluru', 4300.00, 'gingerinn@hotel.in', '9877000017', 65, 'Budget friendly hotel', 17),
('Clarks Inn', 'Hyderabad', 4100.00, 'clarksinn@hotel.in', '9877000018', 60, 'Comfortable stay with amenities', 18),
('WelcomHotel', 'Kolkata', 6000.00, 'welcomhotel@hotel.in', '9877000019', 70, 'Well-known hospitality brand', 19),
('Fortune Inn', 'Chennai', 5500.00, 'fortuneinn@hotel.in', '9877000020', 50, 'Affordable luxury', 20),
('Country Comfort', 'New Delhi', 5300.00, 'countrycomfort@hotel.in', '9877000021', 45, 'Comfortable stay in Delhi', 21),
('Budget Inn', 'Mumbai', 4800.00, 'budgetinn@hotel.in', '9877000022', 40, 'Economical hotel', 22),
('OYO Rooms Premium', 'Bengaluru', 5000.00, 'oyopremium@hotel.in', '9877000023', 60, 'Modern hotel with amenities', 23),
('FabHotels Residency', 'Hyderabad', 5200.00, 'fabhotels@hotel.in', '9877000024', 55, 'Comfortable and affordable', 24),
('Treebo Deluxe', 'Chennai', 5400.00, 'treebo@hotel.in', '9877000025', 65, 'Deluxe services at budget rates', 25),
('Lemon Tree Premier', 'Pune', 5600.00, 'lemontree@hotel.in', '9877000026', 70, 'Modern and stylish', 26),
('Royal Orchid Grandeur', 'Jaipur', 5800.00, 'royalorchid@hotel.in', '9877000027', 80, 'Royal hospitality experience', 27),
('Taj Residency', 'Agra', 6000.00, 'tajresidency@hotel.in', '9877000028', 90, 'Close to major attractions', 28),
('The Oberoi Grand', 'Udaipur', 6200.00, 'oberoigrand@hotel.in', '9877000029', 85, 'Luxury with traditional touch', 29),
('ITC Royal', 'Delhi', 6400.00, 'itcroyal@hotel.in', '9877000030', 95, 'Exquisite hotel experience', 30);

INSERT INTO Reviews (comment, rating, booking_id, item_type, item_id)
VALUES
('Excellent service and experience', 5, 1, 'Hotel', 1),
('Good value for money', 4, 2, 'Itinerary', 2),
('Enjoyed the tour thoroughly', 5, 3, 'Hotel', 2),
('Satisfactory experience', 3, 4, 'Itinerary', 4),
('Not up to the mark', 2, 5, 'Hotel', 3),
('Amazing hospitality', 5, 6, 'Itinerary', 6),
('Comfortable and clean', 4, 7, 'Hotel', 4),
('Could be better', 3, 8, 'Itinerary', 8),
('Memorable journey', 5, 9, 'Hotel', 5),
('Service was below expectation', 2, 10, 'Itinerary', 10),
('Highly recommended', 5, 11, 'Hotel', 6),
('Worth the price', 4, 12, 'Itinerary', 12),
('Average experience', 3, 13, 'Hotel', 7),
('Wonderful tour', 5, 14, 'Itinerary', 14),
('Very disappointing', 1, 15, 'Hotel', 8),
('Great itinerary and support', 5, 16, 'Itinerary', 16),
('Rooms were excellent', 4, 17, 'Hotel', 9),
('Food and service were great', 5, 18, 'Itinerary', 18),
('Not satisfied with the service', 2, 19, 'Hotel', 10),
('Had a pleasant journey', 4, 20, 'Itinerary', 20),
('Enjoyable stay and tour', 5, 21, 'Hotel', 11),
('Could improve cleanliness', 3, 22, 'Itinerary', 22),
('Superb experience overall', 5, 23, 'Hotel', 12),
('Budget-friendly and comfortable', 4, 24, 'Itinerary', 24),
('Decent services provided', 3, 25, 'Hotel', 13),
('Exceeded expectations', 5, 26, 'Itinerary', 26),
('Not very impressed', 2, 27, 'Hotel', 14),
('Absolutely loved it', 5, 28, 'Itinerary', 28),
('Mediocre experience', 3, 29, 'Hotel', 15),
('Would book again', 5, 30, 'Itinerary', 30);

INSERT INTO A_Route_Follows (route_id, price, available_seats, arrival_time, arrival_date, departure_time, departure_date, airplane_id)
VALUES
(01, 3000.00, 150, '10:00:00', '2025-03-01', '07:00:00', '2025-03-01', 'AI001'),
(02, 3200.00, 145, '12:00:00', '2025-03-02', '09:00:00', '2025-03-02', 'AI002'),
(03, 3100.00, 140, '14:00:00', '2025-03-03', '11:00:00', '2025-03-03', 'AI003'),
(04, 3300.00, 135, '16:00:00', '2025-03-04', '13:00:00', '2025-03-04', 'AI004'),
(05, 3400.00, 130, '18:00:00', '2025-03-05', '15:00:00', '2025-03-05', 'AI005'),
(06, 3500.00, 125, '20:00:00', '2025-03-06', '17:00:00', '2025-03-06', 'AI006'),
(07, 3600.00, 120, '22:00:00', '2025-03-07', '19:00:00', '2025-03-07', 'AI007'),
(08, 3700.00, 115, '08:00:00', '2025-03-08', '05:00:00', '2025-03-08', 'AI008'),
(09, 3800.00, 110, '09:30:00', '2025-03-09', '06:30:00', '2025-03-09', 'AI009'),
(10, 3900.00, 105, '11:00:00', '2025-03-10', '08:00:00', '2025-03-10', 'AI010'),
(11, 4000.00, 100, '12:30:00', '2025-03-11', '09:30:00', '2025-03-11', 'AI011'),
(12, 4100.00, 95, '14:00:00', '2025-03-12', '11:00:00', '2025-03-12', 'AI012'),
(13, 4200.00, 90, '15:30:00', '2025-03-13', '12:30:00', '2025-03-13', 'AI013'),
(14, 4300.00, 85, '17:00:00', '2025-03-14', '14:00:00', '2025-03-14', 'AI014'),
(15, 4400.00, 80, '18:30:00', '2025-03-15', '15:30:00', '2025-03-15', 'AI015'),
(16, 4500.00, 150, '10:15:00', '2025-03-16', '07:15:00', '2025-03-16', 'AI016'),
(17, 4600.00, 145, '12:15:00', '2025-03-17', '09:15:00', '2025-03-17', 'AI017'),
(18, 4700.00, 140, '14:15:00', '2025-03-18', '11:15:00', '2025-03-18', 'AI018'),
(19, 4800.00, 135, '16:15:00', '2025-03-19', '13:15:00', '2025-03-19', 'AI019'),
(20, 4900.00, 130, '18:15:00', '2025-03-20', '15:15:00', '2025-03-20', 'AI020'),
(21, 5000.00, 125, '20:15:00', '2025-03-21', '17:15:00', '2025-03-21', 'AI021'),
(22, 5100.00, 120, '22:15:00', '2025-03-22', '19:15:00', '2025-03-22', 'AI022'),
(23, 5200.00, 115, '08:15:00', '2025-03-23', '05:15:00', '2025-03-23', 'AI023'),
(24, 5300.00, 110, '09:45:00', '2025-03-24', '06:45:00', '2025-03-24', 'AI024'),
(25, 5400.00, 105, '11:15:00', '2025-03-25', '08:15:00', '2025-03-25', 'AI025'),
(26, 5500.00, 100, '12:45:00', '2025-03-26', '09:45:00', '2025-03-26', 'AI026'),
(27, 5600.00, 95, '14:15:00', '2025-03-27', '11:15:00', '2025-03-27', 'AI027'),
(28, 5700.00, 90, '15:45:00', '2025-03-28', '12:45:00', '2025-03-28', 'AI028'),
(29, 5800.00, 85, '17:15:00', '2025-03-29', '14:15:00', '2025-03-29', 'AI029'),
(30, 5900.00, 80, '18:45:00', '2025-03-30', '15:45:00', '2025-03-30', 'AI030');

INSERT INTO T_Route_Follows (route_id, price, available_seats, arrival_time, arrival_date, departure_time, departure_date, train_id)
VALUES
(01, 500.00, 800, '06:00:00', '2025-04-01', '03:00:00', '2025-04-01', 'IR001'),
(02, 550.00, 750, '07:00:00', '2025-04-02', '04:00:00', '2025-04-02', 'IR002'),
(03, 600.00, 700, '08:00:00', '2025-04-03', '05:00:00', '2025-04-03', 'IR003'),
(04, 650.00, 680, '09:00:00', '2025-04-04', '06:00:00', '2025-04-04', 'IR004'),
(05, 700.00, 660, '10:00:00', '2025-04-05', '07:00:00', '2025-04-05', 'IR005'),
(06, 750.00, 640, '11:00:00', '2025-04-06', '08:00:00', '2025-04-06', 'IR006'),
(07, 800.00, 620, '12:00:00', '2025-04-07', '09:00:00', '2025-04-07', 'IR007'),
(08, 850.00, 600, '13:00:00', '2025-04-08', '10:00:00', '2025-04-08', 'IR008'),
(09, 900.00, 580, '14:00:00', '2025-04-09', '11:00:00', '2025-04-09', 'IR009'),
(10, 950.00, 560, '15:00:00', '2025-04-10', '12:00:00', '2025-04-10', 'IR010'),
(11, 1000.00, 540, '16:00:00', '2025-04-11', '13:00:00', '2025-04-11', 'IR011'),
(12, 1050.00, 520, '17:00:00', '2025-04-12', '14:00:00', '2025-04-12', 'IR012'),
(13, 1100.00, 500, '18:00:00', '2025-04-13', '15:00:00', '2025-04-13', 'IR013'),
(14, 1150.00, 480, '19:00:00', '2025-04-14', '16:00:00', '2025-04-14', 'IR014'),
(15, 1200.00, 460, '20:00:00', '2025-04-15', '17:00:00', '2025-04-15', 'IR015'),
(16, 1250.00, 800, '06:30:00', '2025-04-16', '03:30:00', '2025-04-16', 'IR016'),
(17, 1300.00, 750, '07:30:00', '2025-04-17', '04:30:00', '2025-04-17', 'IR017'),
(18, 1350.00, 700, '08:30:00', '2025-04-18', '05:30:00', '2025-04-18', 'IR018'),
(19, 1400.00, 680, '09:30:00', '2025-04-19', '06:30:00', '2025-04-19', 'IR019'),
(20, 1450.00, 660, '10:30:00', '2025-04-20', '07:30:00', '2025-04-20', 'IR020'),
(21, 1500.00, 640, '11:30:00', '2025-04-21', '08:30:00', '2025-04-21', 'IR021'),
(22, 1550.00, 620, '12:30:00', '2025-04-22', '09:30:00', '2025-04-22', 'IR022'),
(23, 1600.00, 600, '13:30:00', '2025-04-23', '10:30:00', '2025-04-23', 'IR023'),
(24, 1650.00, 580, '14:30:00', '2025-04-24', '11:30:00', '2025-04-24', 'IR024'),
(25, 1700.00, 560, '15:30:00', '2025-04-25', '12:30:00', '2025-04-25', 'IR025'),
(26, 1750.00, 540, '16:30:00', '2025-04-26', '13:30:00', '2025-04-26', 'IR026'),
(27, 1800.00, 520, '17:30:00', '2025-04-27', '14:30:00', '2025-04-27', 'IR027'),
(28, 1850.00, 500, '18:30:00', '2025-04-28', '15:30:00', '2025-04-28', 'IR028'),
(29, 1900.00, 480, '19:30:00', '2025-04-29', '16:30:00', '2025-04-29', 'IR029'),
(30, 1950.00, 460, '20:30:00', '2025-04-30', '17:30:00', '2025-04-30', 'IR030');

INSERT INTO A_Book_Includes (booking_id, arf_pkey, tickets_booked)
VALUES
(1, 1, 1),
(3, 3, 1),
(5, 5, 2),
(7, 7, 1),
(9, 9, 1),
(11, 11, 2),
(13, 13, 1),
(15, 15, 1),
(17, 17, 2),
(19, 19, 1),
(21, 21, 1),
(23, 23, 2),
(25, 25, 1),
(27, 27, 1),
(29, 29, 2),
(32, 29, 2),
(35, 25, 2);

INSERT INTO T_Book_Includes (booking_id, trf_pkey, tickets_booked)
VALUES
(2, 2, 2),
(4, 4, 1),
(6, 6, 1),
(8, 8, 2),
(10, 10, 1),
(12, 12, 1),
(14, 14, 2),
(16, 16, 1),
(18, 18, 1),
(20, 20, 2),
(22, 22, 1),
(24, 24, 1),
(26, 26, 2),
(28, 28, 1),
(30, 30, 1),
(31, 30, 1),
(33, 30, 1),
(34, 30, 1);
INSERT INTO H_Book_Includes (booking_id, hotel_id, check_in_date, check_out_date, room_booked)
VALUES
(1, 1, '2025-05-01', '2025-05-03', 1),
(3, 3, '2025-05-03', '2025-05-05', 1),
(4, 4, '2025-05-04', '2025-05-06', 1),
(5, 5, '2025-05-05', '2025-05-07', 2),
(6, 6, '2025-05-06', '2025-05-08', 1),
(7, 7, '2025-05-07', '2025-05-09', 1),
(8, 8, '2025-05-08', '2025-05-10', 2),
(9, 9, '2025-05-09', '2025-05-11', 1),
(10, 10, '2025-05-10', '2025-05-12', 1),
(11, 11, '2025-05-11', '2025-05-13', 2),
(12, 12, '2025-05-12', '2025-05-14', 1),
(13, 13, '2025-05-13', '2025-05-15', 1),
(14, 14, '2025-05-14', '2025-05-16', 2),
(15, 15, '2025-05-15', '2025-05-17', 1),
(16, 16, '2025-05-16', '2025-05-18', 1),
(17, 17, '2025-05-17', '2025-05-19', 2),
(18, 18, '2025-05-18', '2025-05-20', 1),
(19, 19, '2025-05-19', '2025-05-21', 1),
(20, 20, '2025-05-20', '2025-05-22', 2),
(21, 21, '2025-05-21', '2025-05-23', 1),
(22, 22, '2025-05-22', '2025-05-24', 1),
(23, 23, '2025-05-23', '2025-05-25', 2),
(24, 24, '2025-05-24', '2025-05-26', 1),
(25, 25, '2025-05-25', '2025-05-27', 1),
(26, 26, '2025-05-26', '2025-05-28', 2),
(27, 27, '2025-05-27', '2025-05-29', 1),
(28, 28, '2025-05-28', '2025-05-30', 1),
(29, 29, '2025-05-29', '2025-05-31', 2),
(30, 30, '2025-05-30', '2025-06-01', 1);

INSERT INTO I_Book_Includes (booking_id, itinerary_id, itinerary_start_date)
VALUES
(2, 2, '2025-06-02'),
(3, 3, '2025-06-03'),
(4, 4, '2025-06-04'),
(5, 5, '2025-06-05'),
(6, 6, '2025-06-06'),
(7, 7, '2025-06-07'),
(8, 8, '2025-06-08'),
(9, 9, '2025-06-09'),
(10, 10, '2025-06-10'),
(11, 11, '2025-06-11'),
(12, 12, '2025-06-12'),
(13, 13, '2025-06-13'),
(14, 14, '2025-06-14'),
(15, 15, '2025-06-15'),
(16, 16, '2025-06-16'),
(17, 17, '2025-06-17'),
(18, 18, '2025-06-18'),
(19, 19, '2025-06-19'),
(20, 20, '2025-06-20'),
(21, 21, '2025-06-21'),
(22, 22, '2025-06-22'),
(23, 23, '2025-06-23'),
(24, 24, '2025-06-24'),
(25, 25, '2025-06-25'),
(26, 26, '2025-06-26'),
(27, 27, '2025-06-27'),
(28, 28, '2025-06-28'),
(29, 29, '2025-06-29'),
(30, 30, '2025-06-30');